ce26f539-7952-43c4-b850-2d434fc8b5ba,953fdd56-fe07-4c8e-94cc-16293ff23c93,2024-07-10 20:54:40.938,2024-07-10 20:54:40.938
1ff5a193-e626-4574-8725-cf745cc9ded4,e95149f6-e98a-4873-a948-83c73a2ba1d5,2024-07-10 20:54:40.96,2024-07-10 20:54:40.96
f8fd75d6-632e-4bb7-b1f4-3dd62d6c2fe1,ea17b94c-b594-4314-a635-84ffc9d969a8,2024-07-10 20:54:40.976,2024-07-10 20:54:40.976
c9bea18e-52a8-46ec-8d8a-d710ffc5894b,fe0dd9f5-bd42-4c53-83b7-559c8b3e9930,2024-07-10 20:54:40.993,2024-07-10 20:54:40.993
f014b872-d4f7-406c-a84e-166ad3cae7d8,a0868342-5c5a-41dc-b874-21927798813e,2024-07-10 20:54:41.01,2024-07-10 20:54:41.01
64502c39-f26e-4f1a-a41b-91a8f04d7c69,a0868342-5c5a-41dc-b874-21927798813e,2024-07-10 20:54:41.027,2024-07-10 20:54:41.027
64502c39-f26e-4f1a-a41b-91a8f04d7c69,fe0dd9f5-bd42-4c53-83b7-559c8b3e9930,2024-07-10 20:54:41.027,2024-07-10 20:54:41.027
187d4519-126d-4664-9f3f-fd4ece8d9756,d224511d-5747-40e9-a729-1cda46e40884,2024-07-10 20:54:41.044,2024-07-10 20:54:41.044
a16c40b8-156f-4122-8891-2fc4b611bc13,d224511d-5747-40e9-a729-1cda46e40884,2024-07-10 20:54:41.059,2024-07-10 20:54:41.059
ba27cfd5-7dc7-47bc-bca9-5ac419068f73,953fdd56-fe07-4c8e-94cc-16293ff23c93,2024-07-10 20:54:41.074,2024-07-10 20:54:41.074
0dbe17d3-d23c-45d5-a699-3b76652963ed,e95149f6-e98a-4873-a948-83c73a2ba1d5,2024-07-10 20:54:41.091,2024-07-10 20:54:41.091
9a5e3017-25d3-4944-89d0-ce3c4a29beb4,ea17b94c-b594-4314-a635-84ffc9d969a8,2024-07-10 20:54:41.108,2024-07-10 20:54:41.108
5028fb74-0777-425a-9cdb-9264f0b5136b,ea17b94c-b594-4314-a635-84ffc9d969a8,2024-07-10 20:54:41.125,2024-07-10 20:54:41.125
5028fb74-0777-425a-9cdb-9264f0b5136b,e95149f6-e98a-4873-a948-83c73a2ba1d5,2024-07-10 20:54:41.125,2024-07-10 20:54:41.125
5028fb74-0777-425a-9cdb-9264f0b5136b,953fdd56-fe07-4c8e-94cc-16293ff23c93,2024-07-10 20:54:41.125,2024-07-10 20:54:41.125
