303416ae-e078-4cd6-96c2-5fdc71ed07e9,ce26f539-7952-43c4-b850-2d434fc8b5ba,2024-07-10 20:54:40.938,2024-07-10 20:54:40.938
e9d1f131-a13d-41bb-b6a1-4ab8dff31b42,ce26f539-7952-43c4-b850-2d434fc8b5ba,2024-07-10 20:54:40.938,2024-07-10 20:54:40.938
4883d343-8b1a-4a72-8734-72391045671e,ce26f539-7952-43c4-b850-2d434fc8b5ba,2024-07-10 20:54:40.938,2024-07-10 20:54:40.938
57926877-a2ce-4721-b5ee-93fdba6b0bb9,ce26f539-7952-43c4-b850-2d434fc8b5ba,2024-07-10 20:54:40.938,2024-07-10 20:54:40.938
81295f4b-a3f5-48d3-8dce-b9b8386c0c1e,ce26f539-7952-43c4-b850-2d434fc8b5ba,2024-07-10 20:54:40.938,2024-07-10 20:54:40.938
89e654f1-ad33-4e3e-944a-f4db4b3387d7,ce26f539-7952-43c4-b850-2d434fc8b5ba,2024-07-10 20:54:40.938,2024-07-10 20:54:40.938
be1ec00d-f1f1-4406-9aae-97856e7f2f25,ce26f539-7952-43c4-b850-2d434fc8b5ba,2024-07-10 20:54:40.938,2024-07-10 20:54:40.938
04596746-21a6-4737-b0f5-260e4942669d,ce26f539-7952-43c4-b850-2d434fc8b5ba,2024-07-10 20:54:40.938,2024-07-10 20:54:40.938
f2a589b9-5652-4041-9f40-7d0514d9b61e,ce26f539-7952-43c4-b850-2d434fc8b5ba,2024-07-10 20:54:40.938,2024-07-10 20:54:40.938
303416ae-e078-4cd6-96c2-5fdc71ed07e9,1ff5a193-e626-4574-8725-cf745cc9ded4,2024-07-10 20:54:40.96,2024-07-10 20:54:40.96
e9d1f131-a13d-41bb-b6a1-4ab8dff31b42,1ff5a193-e626-4574-8725-cf745cc9ded4,2024-07-10 20:54:40.96,2024-07-10 20:54:40.96
4883d343-8b1a-4a72-8734-72391045671e,1ff5a193-e626-4574-8725-cf745cc9ded4,2024-07-10 20:54:40.96,2024-07-10 20:54:40.96
57926877-a2ce-4721-b5ee-93fdba6b0bb9,1ff5a193-e626-4574-8725-cf745cc9ded4,2024-07-10 20:54:40.96,2024-07-10 20:54:40.96
81295f4b-a3f5-48d3-8dce-b9b8386c0c1e,1ff5a193-e626-4574-8725-cf745cc9ded4,2024-07-10 20:54:40.96,2024-07-10 20:54:40.96
89e654f1-ad33-4e3e-944a-f4db4b3387d7,1ff5a193-e626-4574-8725-cf745cc9ded4,2024-07-10 20:54:40.96,2024-07-10 20:54:40.96
be1ec00d-f1f1-4406-9aae-97856e7f2f25,1ff5a193-e626-4574-8725-cf745cc9ded4,2024-07-10 20:54:40.96,2024-07-10 20:54:40.96
04596746-21a6-4737-b0f5-260e4942669d,1ff5a193-e626-4574-8725-cf745cc9ded4,2024-07-10 20:54:40.96,2024-07-10 20:54:40.96
f2a589b9-5652-4041-9f40-7d0514d9b61e,1ff5a193-e626-4574-8725-cf745cc9ded4,2024-07-10 20:54:40.96,2024-07-10 20:54:40.96
303416ae-e078-4cd6-96c2-5fdc71ed07e9,f8fd75d6-632e-4bb7-b1f4-3dd62d6c2fe1,2024-07-10 20:54:40.976,2024-07-10 20:54:40.976
e9d1f131-a13d-41bb-b6a1-4ab8dff31b42,f8fd75d6-632e-4bb7-b1f4-3dd62d6c2fe1,2024-07-10 20:54:40.976,2024-07-10 20:54:40.976
4883d343-8b1a-4a72-8734-72391045671e,f8fd75d6-632e-4bb7-b1f4-3dd62d6c2fe1,2024-07-10 20:54:40.976,2024-07-10 20:54:40.976
57926877-a2ce-4721-b5ee-93fdba6b0bb9,f8fd75d6-632e-4bb7-b1f4-3dd62d6c2fe1,2024-07-10 20:54:40.976,2024-07-10 20:54:40.976
81295f4b-a3f5-48d3-8dce-b9b8386c0c1e,f8fd75d6-632e-4bb7-b1f4-3dd62d6c2fe1,2024-07-10 20:54:40.976,2024-07-10 20:54:40.976
89e654f1-ad33-4e3e-944a-f4db4b3387d7,f8fd75d6-632e-4bb7-b1f4-3dd62d6c2fe1,2024-07-10 20:54:40.976,2024-07-10 20:54:40.976
be1ec00d-f1f1-4406-9aae-97856e7f2f25,f8fd75d6-632e-4bb7-b1f4-3dd62d6c2fe1,2024-07-10 20:54:40.976,2024-07-10 20:54:40.976
04596746-21a6-4737-b0f5-260e4942669d,f8fd75d6-632e-4bb7-b1f4-3dd62d6c2fe1,2024-07-10 20:54:40.976,2024-07-10 20:54:40.976
f2a589b9-5652-4041-9f40-7d0514d9b61e,f8fd75d6-632e-4bb7-b1f4-3dd62d6c2fe1,2024-07-10 20:54:40.976,2024-07-10 20:54:40.976
303416ae-e078-4cd6-96c2-5fdc71ed07e9,c9bea18e-52a8-46ec-8d8a-d710ffc5894b,2024-07-10 20:54:40.993,2024-07-10 20:54:40.993
e9d1f131-a13d-41bb-b6a1-4ab8dff31b42,c9bea18e-52a8-46ec-8d8a-d710ffc5894b,2024-07-10 20:54:40.993,2024-07-10 20:54:40.993
4883d343-8b1a-4a72-8734-72391045671e,c9bea18e-52a8-46ec-8d8a-d710ffc5894b,2024-07-10 20:54:40.993,2024-07-10 20:54:40.993
57926877-a2ce-4721-b5ee-93fdba6b0bb9,c9bea18e-52a8-46ec-8d8a-d710ffc5894b,2024-07-10 20:54:40.993,2024-07-10 20:54:40.993
81295f4b-a3f5-48d3-8dce-b9b8386c0c1e,c9bea18e-52a8-46ec-8d8a-d710ffc5894b,2024-07-10 20:54:40.993,2024-07-10 20:54:40.993
89e654f1-ad33-4e3e-944a-f4db4b3387d7,c9bea18e-52a8-46ec-8d8a-d710ffc5894b,2024-07-10 20:54:40.993,2024-07-10 20:54:40.993
be1ec00d-f1f1-4406-9aae-97856e7f2f25,c9bea18e-52a8-46ec-8d8a-d710ffc5894b,2024-07-10 20:54:40.993,2024-07-10 20:54:40.993
04596746-21a6-4737-b0f5-260e4942669d,c9bea18e-52a8-46ec-8d8a-d710ffc5894b,2024-07-10 20:54:40.993,2024-07-10 20:54:40.993
f2a589b9-5652-4041-9f40-7d0514d9b61e,c9bea18e-52a8-46ec-8d8a-d710ffc5894b,2024-07-10 20:54:40.993,2024-07-10 20:54:40.993
303416ae-e078-4cd6-96c2-5fdc71ed07e9,f014b872-d4f7-406c-a84e-166ad3cae7d8,2024-07-10 20:54:41.01,2024-07-10 20:54:41.01
e9d1f131-a13d-41bb-b6a1-4ab8dff31b42,f014b872-d4f7-406c-a84e-166ad3cae7d8,2024-07-10 20:54:41.01,2024-07-10 20:54:41.01
4883d343-8b1a-4a72-8734-72391045671e,f014b872-d4f7-406c-a84e-166ad3cae7d8,2024-07-10 20:54:41.01,2024-07-10 20:54:41.01
57926877-a2ce-4721-b5ee-93fdba6b0bb9,f014b872-d4f7-406c-a84e-166ad3cae7d8,2024-07-10 20:54:41.01,2024-07-10 20:54:41.01
81295f4b-a3f5-48d3-8dce-b9b8386c0c1e,f014b872-d4f7-406c-a84e-166ad3cae7d8,2024-07-10 20:54:41.01,2024-07-10 20:54:41.01
89e654f1-ad33-4e3e-944a-f4db4b3387d7,f014b872-d4f7-406c-a84e-166ad3cae7d8,2024-07-10 20:54:41.01,2024-07-10 20:54:41.01
be1ec00d-f1f1-4406-9aae-97856e7f2f25,f014b872-d4f7-406c-a84e-166ad3cae7d8,2024-07-10 20:54:41.01,2024-07-10 20:54:41.01
04596746-21a6-4737-b0f5-260e4942669d,f014b872-d4f7-406c-a84e-166ad3cae7d8,2024-07-10 20:54:41.01,2024-07-10 20:54:41.01
f2a589b9-5652-4041-9f40-7d0514d9b61e,f014b872-d4f7-406c-a84e-166ad3cae7d8,2024-07-10 20:54:41.01,2024-07-10 20:54:41.01
303416ae-e078-4cd6-96c2-5fdc71ed07e9,64502c39-f26e-4f1a-a41b-91a8f04d7c69,2024-07-10 20:54:41.027,2024-07-10 20:54:41.027
e9d1f131-a13d-41bb-b6a1-4ab8dff31b42,64502c39-f26e-4f1a-a41b-91a8f04d7c69,2024-07-10 20:54:41.027,2024-07-10 20:54:41.027
4883d343-8b1a-4a72-8734-72391045671e,64502c39-f26e-4f1a-a41b-91a8f04d7c69,2024-07-10 20:54:41.027,2024-07-10 20:54:41.027
57926877-a2ce-4721-b5ee-93fdba6b0bb9,64502c39-f26e-4f1a-a41b-91a8f04d7c69,2024-07-10 20:54:41.027,2024-07-10 20:54:41.027
81295f4b-a3f5-48d3-8dce-b9b8386c0c1e,64502c39-f26e-4f1a-a41b-91a8f04d7c69,2024-07-10 20:54:41.027,2024-07-10 20:54:41.027
89e654f1-ad33-4e3e-944a-f4db4b3387d7,64502c39-f26e-4f1a-a41b-91a8f04d7c69,2024-07-10 20:54:41.027,2024-07-10 20:54:41.027
be1ec00d-f1f1-4406-9aae-97856e7f2f25,64502c39-f26e-4f1a-a41b-91a8f04d7c69,2024-07-10 20:54:41.027,2024-07-10 20:54:41.027
04596746-21a6-4737-b0f5-260e4942669d,64502c39-f26e-4f1a-a41b-91a8f04d7c69,2024-07-10 20:54:41.027,2024-07-10 20:54:41.027
f2a589b9-5652-4041-9f40-7d0514d9b61e,64502c39-f26e-4f1a-a41b-91a8f04d7c69,2024-07-10 20:54:41.027,2024-07-10 20:54:41.027
303416ae-e078-4cd6-96c2-5fdc71ed07e9,187d4519-126d-4664-9f3f-fd4ece8d9756,2024-07-10 20:54:41.044,2024-07-10 20:54:41.044
e9d1f131-a13d-41bb-b6a1-4ab8dff31b42,187d4519-126d-4664-9f3f-fd4ece8d9756,2024-07-10 20:54:41.044,2024-07-10 20:54:41.044
4883d343-8b1a-4a72-8734-72391045671e,187d4519-126d-4664-9f3f-fd4ece8d9756,2024-07-10 20:54:41.044,2024-07-10 20:54:41.044
57926877-a2ce-4721-b5ee-93fdba6b0bb9,187d4519-126d-4664-9f3f-fd4ece8d9756,2024-07-10 20:54:41.044,2024-07-10 20:54:41.044
81295f4b-a3f5-48d3-8dce-b9b8386c0c1e,187d4519-126d-4664-9f3f-fd4ece8d9756,2024-07-10 20:54:41.044,2024-07-10 20:54:41.044
89e654f1-ad33-4e3e-944a-f4db4b3387d7,187d4519-126d-4664-9f3f-fd4ece8d9756,2024-07-10 20:54:41.044,2024-07-10 20:54:41.044
be1ec00d-f1f1-4406-9aae-97856e7f2f25,187d4519-126d-4664-9f3f-fd4ece8d9756,2024-07-10 20:54:41.044,2024-07-10 20:54:41.044
04596746-21a6-4737-b0f5-260e4942669d,187d4519-126d-4664-9f3f-fd4ece8d9756,2024-07-10 20:54:41.044,2024-07-10 20:54:41.044
f2a589b9-5652-4041-9f40-7d0514d9b61e,187d4519-126d-4664-9f3f-fd4ece8d9756,2024-07-10 20:54:41.044,2024-07-10 20:54:41.044
303416ae-e078-4cd6-96c2-5fdc71ed07e9,a16c40b8-156f-4122-8891-2fc4b611bc13,2024-07-10 20:54:41.059,2024-07-10 20:54:41.059
e9d1f131-a13d-41bb-b6a1-4ab8dff31b42,a16c40b8-156f-4122-8891-2fc4b611bc13,2024-07-10 20:54:41.059,2024-07-10 20:54:41.059
4883d343-8b1a-4a72-8734-72391045671e,a16c40b8-156f-4122-8891-2fc4b611bc13,2024-07-10 20:54:41.059,2024-07-10 20:54:41.059
57926877-a2ce-4721-b5ee-93fdba6b0bb9,a16c40b8-156f-4122-8891-2fc4b611bc13,2024-07-10 20:54:41.059,2024-07-10 20:54:41.059
81295f4b-a3f5-48d3-8dce-b9b8386c0c1e,a16c40b8-156f-4122-8891-2fc4b611bc13,2024-07-10 20:54:41.059,2024-07-10 20:54:41.059
89e654f1-ad33-4e3e-944a-f4db4b3387d7,a16c40b8-156f-4122-8891-2fc4b611bc13,2024-07-10 20:54:41.059,2024-07-10 20:54:41.059
be1ec00d-f1f1-4406-9aae-97856e7f2f25,a16c40b8-156f-4122-8891-2fc4b611bc13,2024-07-10 20:54:41.059,2024-07-10 20:54:41.059
04596746-21a6-4737-b0f5-260e4942669d,a16c40b8-156f-4122-8891-2fc4b611bc13,2024-07-10 20:54:41.059,2024-07-10 20:54:41.059
f2a589b9-5652-4041-9f40-7d0514d9b61e,a16c40b8-156f-4122-8891-2fc4b611bc13,2024-07-10 20:54:41.059,2024-07-10 20:54:41.059
303416ae-e078-4cd6-96c2-5fdc71ed07e9,ba27cfd5-7dc7-47bc-bca9-5ac419068f73,2024-07-10 20:54:41.074,2024-07-10 20:54:41.074
e9d1f131-a13d-41bb-b6a1-4ab8dff31b42,ba27cfd5-7dc7-47bc-bca9-5ac419068f73,2024-07-10 20:54:41.074,2024-07-10 20:54:41.074
4883d343-8b1a-4a72-8734-72391045671e,ba27cfd5-7dc7-47bc-bca9-5ac419068f73,2024-07-10 20:54:41.074,2024-07-10 20:54:41.074
57926877-a2ce-4721-b5ee-93fdba6b0bb9,ba27cfd5-7dc7-47bc-bca9-5ac419068f73,2024-07-10 20:54:41.074,2024-07-10 20:54:41.074
81295f4b-a3f5-48d3-8dce-b9b8386c0c1e,ba27cfd5-7dc7-47bc-bca9-5ac419068f73,2024-07-10 20:54:41.074,2024-07-10 20:54:41.074
89e654f1-ad33-4e3e-944a-f4db4b3387d7,ba27cfd5-7dc7-47bc-bca9-5ac419068f73,2024-07-10 20:54:41.074,2024-07-10 20:54:41.074
be1ec00d-f1f1-4406-9aae-97856e7f2f25,ba27cfd5-7dc7-47bc-bca9-5ac419068f73,2024-07-10 20:54:41.074,2024-07-10 20:54:41.074
04596746-21a6-4737-b0f5-260e4942669d,ba27cfd5-7dc7-47bc-bca9-5ac419068f73,2024-07-10 20:54:41.074,2024-07-10 20:54:41.074
f2a589b9-5652-4041-9f40-7d0514d9b61e,ba27cfd5-7dc7-47bc-bca9-5ac419068f73,2024-07-10 20:54:41.074,2024-07-10 20:54:41.074
303416ae-e078-4cd6-96c2-5fdc71ed07e9,0dbe17d3-d23c-45d5-a699-3b76652963ed,2024-07-10 20:54:41.091,2024-07-10 20:54:41.091
e9d1f131-a13d-41bb-b6a1-4ab8dff31b42,0dbe17d3-d23c-45d5-a699-3b76652963ed,2024-07-10 20:54:41.091,2024-07-10 20:54:41.091
4883d343-8b1a-4a72-8734-72391045671e,0dbe17d3-d23c-45d5-a699-3b76652963ed,2024-07-10 20:54:41.091,2024-07-10 20:54:41.091
57926877-a2ce-4721-b5ee-93fdba6b0bb9,0dbe17d3-d23c-45d5-a699-3b76652963ed,2024-07-10 20:54:41.091,2024-07-10 20:54:41.091
81295f4b-a3f5-48d3-8dce-b9b8386c0c1e,0dbe17d3-d23c-45d5-a699-3b76652963ed,2024-07-10 20:54:41.091,2024-07-10 20:54:41.091
89e654f1-ad33-4e3e-944a-f4db4b3387d7,0dbe17d3-d23c-45d5-a699-3b76652963ed,2024-07-10 20:54:41.091,2024-07-10 20:54:41.091
be1ec00d-f1f1-4406-9aae-97856e7f2f25,0dbe17d3-d23c-45d5-a699-3b76652963ed,2024-07-10 20:54:41.091,2024-07-10 20:54:41.091
04596746-21a6-4737-b0f5-260e4942669d,0dbe17d3-d23c-45d5-a699-3b76652963ed,2024-07-10 20:54:41.091,2024-07-10 20:54:41.091
f2a589b9-5652-4041-9f40-7d0514d9b61e,0dbe17d3-d23c-45d5-a699-3b76652963ed,2024-07-10 20:54:41.091,2024-07-10 20:54:41.091
303416ae-e078-4cd6-96c2-5fdc71ed07e9,9a5e3017-25d3-4944-89d0-ce3c4a29beb4,2024-07-10 20:54:41.108,2024-07-10 20:54:41.108
e9d1f131-a13d-41bb-b6a1-4ab8dff31b42,9a5e3017-25d3-4944-89d0-ce3c4a29beb4,2024-07-10 20:54:41.108,2024-07-10 20:54:41.108
4883d343-8b1a-4a72-8734-72391045671e,9a5e3017-25d3-4944-89d0-ce3c4a29beb4,2024-07-10 20:54:41.108,2024-07-10 20:54:41.108
57926877-a2ce-4721-b5ee-93fdba6b0bb9,9a5e3017-25d3-4944-89d0-ce3c4a29beb4,2024-07-10 20:54:41.108,2024-07-10 20:54:41.108
81295f4b-a3f5-48d3-8dce-b9b8386c0c1e,9a5e3017-25d3-4944-89d0-ce3c4a29beb4,2024-07-10 20:54:41.108,2024-07-10 20:54:41.108
89e654f1-ad33-4e3e-944a-f4db4b3387d7,9a5e3017-25d3-4944-89d0-ce3c4a29beb4,2024-07-10 20:54:41.108,2024-07-10 20:54:41.108
be1ec00d-f1f1-4406-9aae-97856e7f2f25,9a5e3017-25d3-4944-89d0-ce3c4a29beb4,2024-07-10 20:54:41.108,2024-07-10 20:54:41.108
04596746-21a6-4737-b0f5-260e4942669d,9a5e3017-25d3-4944-89d0-ce3c4a29beb4,2024-07-10 20:54:41.108,2024-07-10 20:54:41.108
f2a589b9-5652-4041-9f40-7d0514d9b61e,9a5e3017-25d3-4944-89d0-ce3c4a29beb4,2024-07-10 20:54:41.108,2024-07-10 20:54:41.108
303416ae-e078-4cd6-96c2-5fdc71ed07e9,5028fb74-0777-425a-9cdb-9264f0b5136b,2024-07-10 20:54:41.125,2024-07-10 20:54:41.125
e9d1f131-a13d-41bb-b6a1-4ab8dff31b42,5028fb74-0777-425a-9cdb-9264f0b5136b,2024-07-10 20:54:41.125,2024-07-10 20:54:41.125
4883d343-8b1a-4a72-8734-72391045671e,5028fb74-0777-425a-9cdb-9264f0b5136b,2024-07-10 20:54:41.125,2024-07-10 20:54:41.125
57926877-a2ce-4721-b5ee-93fdba6b0bb9,5028fb74-0777-425a-9cdb-9264f0b5136b,2024-07-10 20:54:41.125,2024-07-10 20:54:41.125
81295f4b-a3f5-48d3-8dce-b9b8386c0c1e,5028fb74-0777-425a-9cdb-9264f0b5136b,2024-07-10 20:54:41.125,2024-07-10 20:54:41.125
89e654f1-ad33-4e3e-944a-f4db4b3387d7,5028fb74-0777-425a-9cdb-9264f0b5136b,2024-07-10 20:54:41.125,2024-07-10 20:54:41.125
be1ec00d-f1f1-4406-9aae-97856e7f2f25,5028fb74-0777-425a-9cdb-9264f0b5136b,2024-07-10 20:54:41.125,2024-07-10 20:54:41.125
04596746-21a6-4737-b0f5-260e4942669d,5028fb74-0777-425a-9cdb-9264f0b5136b,2024-07-10 20:54:41.125,2024-07-10 20:54:41.125
f2a589b9-5652-4041-9f40-7d0514d9b61e,5028fb74-0777-425a-9cdb-9264f0b5136b,2024-07-10 20:54:41.125,2024-07-10 20:54:41.125
