b1c5c604-d15e-4886-82f2-934108cb00ef,ce26f539-7952-43c4-b850-2d434fc8b5ba,ADULT,200.00,2024-07-10 20:54:40.938,2024-07-10 20:54:40.938
69dfb0fc-ddc4-4f18-85d8-9269eff29530,ce26f539-7952-43c4-b850-2d434fc8b5ba,CHILD,150.00,2024-07-10 20:54:40.938,2024-07-10 20:54:40.938
ee6b8799-47a8-4ef6-87fd-cbc2aef2b713,ce26f539-7952-43c4-b850-2d434fc8b5ba,PWD,160.00,2024-07-10 20:54:40.938,2024-07-10 20:54:40.938
df5222ac-f514-4123-867c-60e6aa5a2ead,1ff5a193-e626-4574-8725-cf745cc9ded4,ADULT,200.00,2024-07-10 20:54:40.96,2024-07-10 20:54:40.96
26302a69-8dea-49e7-8d92-240719d38785,1ff5a193-e626-4574-8725-cf745cc9ded4,CHILD,150.00,2024-07-10 20:54:40.96,2024-07-10 20:54:40.96
de71bda3-af0a-49d5-aeb6-7dd1da70d870,1ff5a193-e626-4574-8725-cf745cc9ded4,PWD,160.00,2024-07-10 20:54:40.96,2024-07-10 20:54:40.96
07cc88f4-0882-4097-ae24-3054ebc9024d,f8fd75d6-632e-4bb7-b1f4-3dd62d6c2fe1,ADULT,200.00,2024-07-10 20:54:40.976,2024-07-10 20:54:40.976
2cbf7cec-b3be-4613-8c0e-ffe6b1797a72,f8fd75d6-632e-4bb7-b1f4-3dd62d6c2fe1,CHILD,150.00,2024-07-10 20:54:40.976,2024-07-10 20:54:40.976
7d568784-bfa8-43cb-83f8-ac8af76a7ada,f8fd75d6-632e-4bb7-b1f4-3dd62d6c2fe1,PWD,160.00,2024-07-10 20:54:40.976,2024-07-10 20:54:40.976
591152e4-4117-4b1d-a407-ad94b7e1c550,c9bea18e-52a8-46ec-8d8a-d710ffc5894b,ADULT,200.00,2024-07-10 20:54:40.993,2024-07-10 20:54:40.993
794bb475-1872-4944-8055-18db3ea400b6,c9bea18e-52a8-46ec-8d8a-d710ffc5894b,CHILD,150.00,2024-07-10 20:54:40.993,2024-07-10 20:54:40.993
8dffd872-4ee4-4c30-a540-5e9d464c4efe,c9bea18e-52a8-46ec-8d8a-d710ffc5894b,PWD,160.00,2024-07-10 20:54:40.993,2024-07-10 20:54:40.993
91faf4f7-5578-49f9-b6c5-b2c8439e1dbf,f014b872-d4f7-406c-a84e-166ad3cae7d8,ADULT,200.00,2024-07-10 20:54:41.01,2024-07-10 20:54:41.01
067ae3d2-9c35-4b56-9891-aa89f6f3dd0a,f014b872-d4f7-406c-a84e-166ad3cae7d8,CHILD,150.00,2024-07-10 20:54:41.01,2024-07-10 20:54:41.01
27a5c28d-858e-4298-8323-c517ccdc8300,f014b872-d4f7-406c-a84e-166ad3cae7d8,PWD,160.00,2024-07-10 20:54:41.01,2024-07-10 20:54:41.01
3fd4d4b9-10f0-4e29-95bb-52022b46d0ac,64502c39-f26e-4f1a-a41b-91a8f04d7c69,ADULT,200.00,2024-07-10 20:54:41.027,2024-07-10 20:54:41.027
10af6e43-22cc-4ef3-ab8e-908c4d961129,64502c39-f26e-4f1a-a41b-91a8f04d7c69,CHILD,150.00,2024-07-10 20:54:41.027,2024-07-10 20:54:41.027
369043a3-ef72-4188-a2d0-6ef0b5c6fbb9,64502c39-f26e-4f1a-a41b-91a8f04d7c69,PWD,160.00,2024-07-10 20:54:41.027,2024-07-10 20:54:41.027
0a77d027-2530-4433-a086-d6a5fa71c0d0,187d4519-126d-4664-9f3f-fd4ece8d9756,ADULT,200.00,2024-07-10 20:54:41.044,2024-07-10 20:54:41.044
523a070f-362c-45af-a3e9-58c235219125,187d4519-126d-4664-9f3f-fd4ece8d9756,CHILD,150.00,2024-07-10 20:54:41.044,2024-07-10 20:54:41.044
68a4c5f9-a8e7-46c0-a28b-2f2fd9fe7a7d,187d4519-126d-4664-9f3f-fd4ece8d9756,PWD,160.00,2024-07-10 20:54:41.044,2024-07-10 20:54:41.044
9351335d-8039-4a4d-b747-517d1f09f032,a16c40b8-156f-4122-8891-2fc4b611bc13,ADULT,200.00,2024-07-10 20:54:41.059,2024-07-10 20:54:41.059
4bd9284e-6b8e-4bc6-a4be-4e6d700e003e,a16c40b8-156f-4122-8891-2fc4b611bc13,CHILD,150.00,2024-07-10 20:54:41.059,2024-07-10 20:54:41.059
b688daa0-9138-4ada-8703-8e2d656910e9,a16c40b8-156f-4122-8891-2fc4b611bc13,PWD,160.00,2024-07-10 20:54:41.059,2024-07-10 20:54:41.059
6e4e1a0c-e08e-40ef-a10c-f135e0825d13,ba27cfd5-7dc7-47bc-bca9-5ac419068f73,ADULT,200.00,2024-07-10 20:54:41.074,2024-07-10 20:54:41.074
13446caa-b998-4c34-b591-ff712ef54181,ba27cfd5-7dc7-47bc-bca9-5ac419068f73,CHILD,150.00,2024-07-10 20:54:41.074,2024-07-10 20:54:41.074
d39d0cf5-3101-4023-a47b-e2589b9d5210,ba27cfd5-7dc7-47bc-bca9-5ac419068f73,PWD,160.00,2024-07-10 20:54:41.074,2024-07-10 20:54:41.074
7a13200c-cadf-4725-aeb2-3d23d2bcc75f,0dbe17d3-d23c-45d5-a699-3b76652963ed,ADULT,200.00,2024-07-10 20:54:41.091,2024-07-10 20:54:41.091
6f69674e-cc9e-4f1d-9038-553a2580b07a,0dbe17d3-d23c-45d5-a699-3b76652963ed,CHILD,150.00,2024-07-10 20:54:41.091,2024-07-10 20:54:41.091
68c3d2c0-f78d-40ab-97f8-d5a08c2e22bc,0dbe17d3-d23c-45d5-a699-3b76652963ed,PWD,160.00,2024-07-10 20:54:41.091,2024-07-10 20:54:41.091
fb3e4ee4-96b5-476d-a0a7-70012f218ece,9a5e3017-25d3-4944-89d0-ce3c4a29beb4,ADULT,200.00,2024-07-10 20:54:41.108,2024-07-10 20:54:41.108
9427dfa2-6f11-4285-bac2-49e5bff5c4ef,9a5e3017-25d3-4944-89d0-ce3c4a29beb4,CHILD,150.00,2024-07-10 20:54:41.108,2024-07-10 20:54:41.108
e3e43a73-8007-4554-82cb-5e813c3c428b,9a5e3017-25d3-4944-89d0-ce3c4a29beb4,PWD,160.00,2024-07-10 20:54:41.108,2024-07-10 20:54:41.108
e6f6ae18-c0b5-493a-93bb-4ae8e3e9a3f1,5028fb74-0777-425a-9cdb-9264f0b5136b,ADULT,200.00,2024-07-10 20:54:41.125,2024-07-10 20:54:41.125
29248027-4145-4193-922d-d92d3f87dd4b,5028fb74-0777-425a-9cdb-9264f0b5136b,CHILD,150.00,2024-07-10 20:54:41.125,2024-07-10 20:54:41.125
0e3bf11d-445e-4ec6-b692-0cf171916310,5028fb74-0777-425a-9cdb-9264f0b5136b,PWD,160.00,2024-07-10 20:54:41.125,2024-07-10 20:54:41.125
